Day, Sales, Sales_lower, Sales_upper
Day1, 5.564415, 1.906856,  9.221974
Day2, 6.494807, 2.918183, 10.071430
Day3, 13.664571, 10.041308, 17.287835
Day4, 8.742289, 5.155403, 12.329175
Day5, 15.441803, 11.747576, 19.136029
Day6, 11.394782, 7.740031, 15.049533
